what,kind,bundleId,bundleVersion,description,time
activated,editor,org.eclipse.jdt.ui,3.7.1.r371_v20110824-0800,"org.eclipse.jdt.ui.CompilationUnitEditor",1393850897682
deactivated,workbench,org.eclipse.ui.workbench,3.7.0.I20110519-0100,"",1393850911987
activated,workbench,org.eclipse.ui.workbench,3.7.0.I20110519-0100,"",1393850916353
deactivated,workbench,org.eclipse.ui.workbench,3.7.0.I20110519-0100,"",1393850980456
activated,workbench,org.eclipse.ui.workbench,3.7.0.I20110519-0100,"",1393851050570
deactivated,workbench,org.eclipse.ui.workbench,3.7.0.I20110519-0100,"",1393851053809
activated,workbench,org.eclipse.ui.workbench,3.7.0.I20110519-0100,"",1393851109616
deactivated,workbench,org.eclipse.ui.workbench,3.7.0.I20110519-0100,"",1393851111580
activated,workbench,org.eclipse.ui.workbench,3.7.0.I20110519-0100,"",1393851117446
deactivated,workbench,org.eclipse.ui.workbench,3.7.0.I20110519-0100,"",1393851118177
activated,workbench,org.eclipse.ui.workbench,3.7.0.I20110519-0100,"",1393851587598
activated,editor,org.eclipse.jdt.ui,3.7.1.r371_v20110824-0800,"org.eclipse.jdt.ui.CompilationUnitEditor",1393851607629
activated,editor,org.eclipse.jdt.ui,3.7.1.r371_v20110824-0800,"org.eclipse.jdt.ui.CompilationUnitEditor",1393851608520
activated,editor,org.eclipse.jdt.ui,3.7.1.r371_v20110824-0800,"org.eclipse.jdt.ui.CompilationUnitEditor",1393851610122
activated,editor,org.eclipse.jdt.ui,3.7.1.r371_v20110824-0800,"org.eclipse.jdt.ui.CompilationUnitEditor",1393851640608
activated,editor,org.eclipse.jdt.ui,3.7.1.r371_v20110824-0800,"org.eclipse.jdt.ui.CompilationUnitEditor",1393851642183
activated,editor,org.eclipse.jdt.ui,3.7.1.r371_v20110824-0800,"org.eclipse.jdt.ui.CompilationUnitEditor",1393851643163
activated,editor,org.eclipse.jdt.ui,3.7.1.r371_v20110824-0800,"org.eclipse.jdt.ui.CompilationUnitEditor",1393851668091
activated,editor,org.eclipse.jdt.ui,3.7.1.r371_v20110824-0800,"org.eclipse.jdt.ui.CompilationUnitEditor",1393851687924
activated,editor,org.eclipse.jdt.ui,3.7.1.r371_v20110824-0800,"org.eclipse.jdt.ui.CompilationUnitEditor",1393851689341
deactivated,workbench,org.eclipse.ui.workbench,3.7.0.I20110519-0100,"",1393851690330
activated,workbench,org.eclipse.ui.workbench,3.7.0.I20110519-0100,"",1393851719548
deactivated,workbench,org.eclipse.ui.workbench,3.7.0.I20110519-0100,"",1393851720941
activated,workbench,org.eclipse.ui.workbench,3.7.0.I20110519-0100,"",1393852153542
deactivated,workbench,org.eclipse.ui.workbench,3.7.0.I20110519-0100,"",1393852159649
deactivated,workbench,org.eclipse.ui.workbench,3.7.0.I20110519-0100,"",1393852163882
deactivated,workbench,org.eclipse.ui.workbench,3.7.0.I20110519-0100,"",1393852174026
activated,workbench,org.eclipse.ui.workbench,3.7.0.I20110519-0100,"",1393852740048
deactivated,workbench,org.eclipse.ui.workbench,3.7.0.I20110519-0100,"",1393852741200
activated,workbench,org.eclipse.ui.workbench,3.7.0.I20110519-0100,"",1393852749034
activated,view,org.eclipse.ui.navigator.resources,3.4.300.I20110421-1800,"org.eclipse.ui.navigator.ProjectExplorer",1393852754781
executed,command,org.eclipse.jdt.debug.ui,3.6.1.v20110803_r371,"org.eclipse.jdt.debug.ui.localJavaShortcut.run",1393852768703
error,log,,,"Tab group extension: org.eclipse.jdt.debug.ui.launchConfigurationTabGroup.remoteJavaApplication for type org.eclipse.jdt.launching.remoteJavaApplication for the * mode has been replaced by extension: org.jboss.tools.common.jdt.debug.ui.launching.launchConfigurationTabGroup.JBossRemoteJavaApplication2",1393852768845
started,bundle,org.eclipse.m2e.launching,1.0.0.20110607-2117,"org.eclipse.m2e.launching",1393852768942
started,bundle,org.jboss.ide.eclipse.freemarker,1.2.0.v20110915-1536-H19-M3,"org.jboss.ide.eclipse.freemarker",1393852768963
deactivated,workbench,org.eclipse.ui.workbench,3.7.0.I20110519-0100,"",1393852769437
activated,workbench,org.eclipse.ui.workbench,3.7.0.I20110519-0100,"",1393852803476
deactivated,workbench,org.eclipse.ui.workbench,3.7.0.I20110519-0100,"",1393852813668
activated,workbench,org.eclipse.ui.workbench,3.7.0.I20110519-0100,"",1393852870642
deactivated,workbench,org.eclipse.ui.workbench,3.7.0.I20110519-0100,"",1393852875571
activated,workbench,org.eclipse.ui.workbench,3.7.0.I20110519-0100,"",1393852901445
opened,editor,org.eclipse.jdt.ui,3.7.1.r371_v20110824-0800,"org.eclipse.jdt.ui.CompilationUnitEditor",1393852901823
activated,editor,org.eclipse.jdt.ui,3.7.1.r371_v20110824-0800,"org.eclipse.jdt.ui.CompilationUnitEditor",1393852901910
deactivated,workbench,org.eclipse.ui.workbench,3.7.0.I20110519-0100,"",1393853177039
activated,workbench,org.eclipse.ui.workbench,3.7.0.I20110519-0100,"",1393853178099
activated,editor,org.eclipse.jdt.ui,3.7.1.r371_v20110824-0800,"org.eclipse.jdt.ui.CompilationUnitEditor",1393853178189
closed,editor,org.eclipse.jdt.ui,3.7.1.r371_v20110824-0800,"org.eclipse.jdt.ui.CompilationUnitEditor",1393853178191
activated,view,org.eclipse.ui.navigator.resources,3.4.300.I20110421-1800,"org.eclipse.ui.navigator.ProjectExplorer",1393853179667
activated,editor,org.eclipse.jdt.ui,3.7.1.r371_v20110824-0800,"org.eclipse.jdt.ui.CompilationUnitEditor",1393853191882
activated,view,org.eclipse.ui.navigator.resources,3.4.300.I20110421-1800,"org.eclipse.ui.navigator.ProjectExplorer",1393853193260
closed,editor,org.eclipse.jdt.ui,3.7.1.r371_v20110824-0800,"org.eclipse.jdt.ui.CompilationUnitEditor",1393853193260
closed,editor,org.eclipse.jdt.ui,3.7.1.r371_v20110824-0800,"org.eclipse.jdt.ui.CompilationUnitEditor",1393853193272
closed,editor,org.eclipse.jdt.ui,3.7.1.r371_v20110824-0800,"org.eclipse.jdt.ui.CompilationUnitEditor",1393853193290
closed,editor,org.eclipse.jdt.ui,3.7.1.r371_v20110824-0800,"org.eclipse.jdt.ui.CompilationUnitEditor",1393853193305
closed,editor,org.eclipse.jdt.ui,3.7.1.r371_v20110824-0800,"org.eclipse.jdt.ui.CompilationUnitEditor",1393853193318
executed,command,org.eclipse.jdt.debug.ui,3.6.1.v20110803_r371,"org.eclipse.jdt.debug.ui.localJavaShortcut.run",1393853205635
deactivated,workbench,org.eclipse.ui.workbench,3.7.0.I20110519-0100,"",1393853207085
activated,workbench,org.eclipse.ui.workbench,3.7.0.I20110519-0100,"",1393853282769
opened,editor,org.eclipse.jdt.ui,3.7.1.r371_v20110824-0800,"org.eclipse.jdt.ui.CompilationUnitEditor",1393853283059
activated,editor,org.eclipse.jdt.ui,3.7.1.r371_v20110824-0800,"org.eclipse.jdt.ui.CompilationUnitEditor",1393853283108
executed,command,org.eclipse.jdt.ui,3.7.1.r371_v20110824-0800,"org.eclipse.jdt.ui.edit.text.java.format",1393853289736
executed,command,org.eclipse.ui,3.7.0.I20110602-0100,"org.eclipse.ui.file.saveAll",1393853292322
deactivated,workbench,org.eclipse.ui.workbench,3.7.0.I20110519-0100,"",1393853301923
activated,workbench,org.eclipse.ui.workbench,3.7.0.I20110519-0100,"",1393853303151
deactivated,workbench,org.eclipse.ui.workbench,3.7.0.I20110519-0100,"",1393853305185
activated,workbench,org.eclipse.ui.workbench,3.7.0.I20110519-0100,"",1393853348047
deactivated,workbench,org.eclipse.ui.workbench,3.7.0.I20110519-0100,"",1393853370706
activated,workbench,org.eclipse.ui.workbench,3.7.0.I20110519-0100,"",1393853373225
deactivated,workbench,org.eclipse.ui.workbench,3.7.0.I20110519-0100,"",1393853373257
activated,workbench,org.eclipse.ui.workbench,3.7.0.I20110519-0100,"",1393853455188
deactivated,workbench,org.eclipse.ui.workbench,3.7.0.I20110519-0100,"",1393853456130
activated,workbench,org.eclipse.ui.workbench,3.7.0.I20110519-0100,"",1393853458763
activated,view,org.eclipse.ui.views,3.6.0.I20110412-0800,"org.eclipse.ui.views.ContentOutline",1393853463558
activated,editor,org.eclipse.jdt.ui,3.7.1.r371_v20110824-0800,"org.eclipse.jdt.ui.CompilationUnitEditor",1393853463581
deactivated,workbench,org.eclipse.ui.workbench,3.7.0.I20110519-0100,"",1393853475694
activated,workbench,org.eclipse.ui.workbench,3.7.0.I20110519-0100,"",1393853504911
activated,view,org.eclipse.ui.navigator.resources,3.4.300.I20110421-1800,"org.eclipse.ui.navigator.ProjectExplorer",1393853504928
deactivated,workbench,org.eclipse.ui.workbench,3.7.0.I20110519-0100,"",1393853519325
activated,workbench,org.eclipse.ui.workbench,3.7.0.I20110519-0100,"",1393853531133
opened,editor,org.eclipse.jdt.ui,3.7.1.r371_v20110824-0800,"org.eclipse.jdt.ui.CompilationUnitEditor",1393853532242
activated,editor,org.eclipse.jdt.ui,3.7.1.r371_v20110824-0800,"org.eclipse.jdt.ui.CompilationUnitEditor",1393853532415
activated,view,org.eclipse.ui.navigator.resources,3.4.300.I20110421-1800,"org.eclipse.ui.navigator.ProjectExplorer",1393853533847
deactivated,workbench,org.eclipse.ui.workbench,3.7.0.I20110519-0100,"",1393853536265
activated,workbench,org.eclipse.ui.workbench,3.7.0.I20110519-0100,"",1393853629660
activated,editor,org.eclipse.jdt.ui,3.7.1.r371_v20110824-0800,"org.eclipse.jdt.ui.CompilationUnitEditor",1393853629786
deactivated,workbench,org.eclipse.ui.workbench,3.7.0.I20110519-0100,"",1393853633169
activated,workbench,org.eclipse.ui.workbench,3.7.0.I20110519-0100,"",1393853666681
activated,editor,org.eclipse.jdt.ui,3.7.1.r371_v20110824-0800,"org.eclipse.jdt.ui.CompilationUnitEditor",1393853666750
activated,view,org.eclipse.ui.navigator.resources,3.4.300.I20110421-1800,"org.eclipse.ui.navigator.ProjectExplorer",1393853667415
activated,editor,org.eclipse.jdt.ui,3.7.1.r371_v20110824-0800,"org.eclipse.jdt.ui.CompilationUnitEditor",1393853669758
activated,view,org.eclipse.ui.navigator.resources,3.4.300.I20110421-1800,"org.eclipse.ui.navigator.ProjectExplorer",1393853671141
opened,editor,org.eclipse.jdt.ui,3.7.1.r371_v20110824-0800,"org.eclipse.jdt.ui.CompilationUnitEditor",1393853671361
activated,editor,org.eclipse.jdt.ui,3.7.1.r371_v20110824-0800,"org.eclipse.jdt.ui.CompilationUnitEditor",1393853671421
deactivated,workbench,org.eclipse.ui.workbench,3.7.0.I20110519-0100,"",1393853700818
activated,workbench,org.eclipse.ui.workbench,3.7.0.I20110519-0100,"",1393853703287
deactivated,workbench,org.eclipse.ui.workbench,3.7.0.I20110519-0100,"",1393853709693
activated,workbench,org.eclipse.ui.workbench,3.7.0.I20110519-0100,"",1393853713308
executed,command,org.eclipse.ui,3.7.0.I20110602-0100,"org.eclipse.ui.edit.paste",1393853714001
started,bundle,org.eclipse.jdt.junit,3.7.0.v20110505-0800,"org.eclipse.jdt.junit",1393853714545
started,bundle,org.eclipse.pde.launching,3.6.0.v20110506,"org.eclipse.pde.launching",1393853714568
started,bundle,org.eclipse.ui.views.log,1.0.200.v20110404,"org.eclipse.ui.views.log",1393853714576
started,bundle,org.eclipse.pde.ui,3.6.100.v20110603,"org.eclipse.pde.ui",1393853714578
executed,command,org.eclipse.jdt.ui,3.7.1.r371_v20110824-0800,"org.eclipse.jdt.ui.edit.text.java.organize.imports",1393853723330
activated,view,org.eclipse.ui.navigator.resources,3.4.300.I20110421-1800,"org.eclipse.ui.navigator.ProjectExplorer",1393853730474
activated,editor,org.eclipse.jdt.ui,3.7.1.r371_v20110824-0800,"org.eclipse.jdt.ui.CompilationUnitEditor",1393853730655
deactivated,workbench,org.eclipse.ui.workbench,3.7.0.I20110519-0100,"",1393853735683
activated,workbench,org.eclipse.ui.workbench,3.7.0.I20110519-0100,"",1393853738613
deactivated,workbench,org.eclipse.ui.workbench,3.7.0.I20110519-0100,"",1393853738661
activated,workbench,org.eclipse.ui.workbench,3.7.0.I20110519-0100,"",1393853740098
deactivated,workbench,org.eclipse.ui.workbench,3.7.0.I20110519-0100,"",1393853740146
activated,workbench,org.eclipse.ui.workbench,3.7.0.I20110519-0100,"",1393853741136
executed,command,org.eclipse.ui,3.7.0.I20110602-0100,"org.eclipse.ui.file.saveAll",1393853755585
activated,editor,org.eclipse.jdt.ui,3.7.1.r371_v20110824-0800,"org.eclipse.jdt.ui.CompilationUnitEditor",1393853756597
executed,command,,,"AUTOGEN:::org.eclipse.jdt.internal.ui.CompilationUnitEditor.ruler.actions/org.eclipse.jdt.internal.ui.javaeditor.JavaSelectRulerAction",1393853758867
activated,editor,org.eclipse.jdt.ui,3.7.1.r371_v20110824-0800,"org.eclipse.jdt.ui.CompilationUnitEditor",1393853763294
activated,editor,org.eclipse.jdt.ui,3.7.1.r371_v20110824-0800,"org.eclipse.jdt.ui.CompilationUnitEditor",1393853765635
executed,command,,,"AUTOGEN:::org.eclipse.jdt.internal.ui.CompilationUnitEditor.ruler.actions/org.eclipse.jdt.internal.ui.javaeditor.JavaSelectRulerAction",1393853768099
executed,command,org.eclipse.jdt.ui,3.7.1.r371_v20110824-0800,"org.eclipse.jdt.ui.edit.text.java.organize.imports",1393853777006
executed,command,,,"AUTOGEN:::org.eclipse.jdt.internal.ui.CompilationUnitEditor.ruler.actions/org.eclipse.jdt.internal.ui.javaeditor.JavaSelectRulerAction",1393853779257
deactivated,workbench,org.eclipse.ui.workbench,3.7.0.I20110519-0100,"",1393853785093
activated,workbench,org.eclipse.ui.workbench,3.7.0.I20110519-0100,"",1393853785264
executed,command,org.eclipse.ui,3.7.0.I20110602-0100,"org.eclipse.ui.edit.undo",1393853787472
executed,command,org.eclipse.ui,3.7.0.I20110602-0100,"org.eclipse.ui.file.saveAll",1393853792746
deactivated,workbench,org.eclipse.ui.workbench,3.7.0.I20110519-0100,"",1393853823663
activated,workbench,org.eclipse.ui.workbench,3.7.0.I20110519-0100,"",1393853832888
deactivated,workbench,org.eclipse.ui.workbench,3.7.0.I20110519-0100,"",1393853834679
activated,workbench,org.eclipse.ui.workbench,3.7.0.I20110519-0100,"",1393853838131
executed,command,,,"AUTOGEN:::org.eclipse.jdt.internal.ui.CompilationUnitEditor.ruler.actions/org.eclipse.jdt.internal.ui.javaeditor.JavaSelectRulerAction",1393853951846
started,bundle,org.jboss.tools.cdi.seam.text.ext,1.2.0.v20110915-1759-H18-M3,"org.jboss.tools.cdi.seam.text.ext",1393853955271
started,bundle,org.jboss.tools.cdi.core,1.2.0.v20110915-1759-H18-M3,"org.jboss.tools.cdi.core",1393853955282
started,bundle,org.jboss.tools.cdi.text.ext,1.2.0.v20110915-1759-H18-M3,"org.jboss.tools.cdi.text.ext",1393853955300
started,bundle,org.jboss.tools.seam.text.ext,3.3.0.v20110915-1921-H35-M3,"org.jboss.tools.seam.text.ext",1393853955306
started,bundle,org.jboss.tools.jst.text.ext,3.3.0.v20110915-1635-H19-M3,"org.jboss.tools.jst.text.ext",1393853955316
started,bundle,org.jboss.tools.jst.web.kb,3.3.0.v20110915-1635-H19-M3,"org.jboss.tools.jst.web.kb",1393853955370
started,bundle,org.eclipse.wst.sse.core,1.1.602.v201112071516,"org.eclipse.wst.sse.core",1393853955383
started,bundle,org.eclipse.wst.css.core,1.1.501.v201111292150,"org.eclipse.wst.css.core",1393853955391
started,bundle,org.jboss.tools.common.validation,3.3.0.v20110915-1551-H16-M3,"org.jboss.tools.common.validation",1393853955408
started,bundle,org.jboss.tools.cdi.seam.core,1.2.0.v20110915-1759-H18-M3,"org.jboss.tools.cdi.seam.core",1393853955429
started,bundle,org.jboss.tools.jsf,3.3.0.v20110915-1824-H20-M3,"org.jboss.tools.jsf",1393853955440
started,bundle,org.eclipse.mylyn.java.tasks,3.7.1.I20120324-1817,"org.eclipse.mylyn.java.tasks",1393853955454
started,bundle,org.tigris.subversion.clientadapter.javahl,1.6.17,"org.tigris.subversion.clientadapter.javahl",1393853955463
activated,editor,org.eclipse.jdt.ui,3.7.1.r371_v20110824-0800,"org.eclipse.jdt.ui.CompilationUnitEditor",1393853956367
started,bundle,org.jboss.tools.ws.jaxrs.ui,1.2.2.v20110915-1723-H22-M3,"org.jboss.tools.ws.jaxrs.ui",1393854001498
started,bundle,org.eclipse.jpt.jaxb.ui,1.1.1.v201108080010,"org.eclipse.jpt.jaxb.ui",1393854001544
started,bundle,org.eclipse.jpt.jpa.ui,3.0.1.v201108080010,"org.eclipse.jpt.jpa.ui",1393854001568
started,bundle,org.eclipse.jpt.common.core,1.0.1.v201108080010,"org.eclipse.jpt.common.core",1393854001592
started,bundle,org.eclipse.jpt.jpa.core,3.0.1.v201109073010,"org.eclipse.jpt.jpa.core",1393854001596
started,bundle,org.eclipse.jst.ws.jaxws.ui,1.0.100.v201104032053,"org.eclipse.jst.ws.jaxws.ui",1393854001625
started,bundle,org.eclipse.pde.api.tools,1.0.301.v20110728_r371,"org.eclipse.pde.api.tools",1393854001665
started,bundle,org.eclipse.pde.api.tools.ui,1.0.301.v20110803_r371,"org.eclipse.pde.api.tools.ui",1393854001666
started,bundle,org.jboss.tools.common.el.ui,3.3.0.v20110915-1551-H16-M3,"org.jboss.tools.common.el.ui",1393854001774
started,bundle,org.eclipse.wst.sse.ui,1.3.2.v201201041522,"org.eclipse.wst.sse.ui",1393854001784
started,bundle,org.eclipse.wst.xml.ui,1.1.202.v201112071516,"org.eclipse.wst.xml.ui",1393854001784
started,bundle,org.eclipse.mylyn.java.ui,3.7.1.I20120324-1817,"org.eclipse.mylyn.java.ui",1393854001804
started,bundle,org.jboss.tools.ws.jaxrs.core,1.2.2.v20110915-1723-H22-M3,"org.jboss.tools.ws.jaxrs.core",1393854001926
started,bundle,org.eclipse.jpt.jaxb.core,1.0.1.v201108080010,"org.eclipse.jpt.jaxb.core",1393854002051
executed,command,org.eclipse.ui,3.7.0.I20110602-0100,"org.eclipse.ui.edit.text.contentAssist.proposals",1393854002098
executed,command,org.eclipse.jdt.ui,3.7.1.r371_v20110824-0800,"org.eclipse.jdt.ui.edit.text.java.organize.imports",1393854012797
executed,command,,,"AUTOGEN:::org.eclipse.jdt.internal.ui.CompilationUnitEditor.ruler.actions/org.eclipse.jdt.internal.ui.javaeditor.JavaSelectRulerAction",1393854018073
deactivated,workbench,org.eclipse.ui.workbench,3.7.0.I20110519-0100,"",1393854019025
activated,workbench,org.eclipse.ui.workbench,3.7.0.I20110519-0100,"",1393854019186
executed,command,org.eclipse.ui,3.7.0.I20110602-0100,"org.eclipse.ui.file.saveAll",1393854022401
executed,command,org.eclipse.ui,3.7.0.I20110602-0100,"org.eclipse.ui.edit.copy",1393854024467
executed,command,org.eclipse.ui,3.7.0.I20110602-0100,"org.eclipse.ui.edit.paste",1393854026460
executed,command,,,"AUTOGEN:::org.eclipse.jdt.internal.ui.CompilationUnitEditor.ruler.actions/org.eclipse.jdt.internal.ui.javaeditor.JavaSelectRulerAction",1393854032546
deactivated,workbench,org.eclipse.ui.workbench,3.7.0.I20110519-0100,"",1393854033602
activated,workbench,org.eclipse.ui.workbench,3.7.0.I20110519-0100,"",1393854033767
executed,command,org.eclipse.ui,3.7.0.I20110602-0100,"org.eclipse.ui.file.saveAll",1393854035808
activated,editor,org.eclipse.jdt.ui,3.7.1.r371_v20110824-0800,"org.eclipse.jdt.ui.CompilationUnitEditor",1393854037849
deactivated,workbench,org.eclipse.ui.workbench,3.7.0.I20110519-0100,"",1393854087711
activated,workbench,org.eclipse.ui.workbench,3.7.0.I20110519-0100,"",1393854092102
deactivated,workbench,org.eclipse.ui.workbench,3.7.0.I20110519-0100,"",1393854124373
activated,workbench,org.eclipse.ui.workbench,3.7.0.I20110519-0100,"",1393854137261
activated,editor,org.eclipse.jdt.ui,3.7.1.r371_v20110824-0800,"org.eclipse.jdt.ui.CompilationUnitEditor",1393854137717
activated,editor,org.eclipse.jdt.ui,3.7.1.r371_v20110824-0800,"org.eclipse.jdt.ui.CompilationUnitEditor",1393854138937
executed,command,org.eclipse.ui,3.7.0.I20110602-0100,"org.eclipse.ui.edit.copy",1393854155664
executed,command,org.eclipse.ui,3.7.0.I20110602-0100,"org.eclipse.ui.edit.paste",1393854157312
executed,command,org.eclipse.ui,3.7.0.I20110602-0100,"org.eclipse.ui.file.saveAll",1393854159622
executed,command,org.eclipse.ui,3.7.0.I20110602-0100,"org.eclipse.ui.file.saveAll",1393854172558
executed,command,org.eclipse.jdt.ui,3.7.1.r371_v20110824-0800,"org.eclipse.jdt.ui.edit.text.java.format",1393854295580
executed,command,org.eclipse.ui,3.7.0.I20110602-0100,"org.eclipse.ui.file.saveAll",1393854297655
deactivated,workbench,org.eclipse.ui.workbench,3.7.0.I20110519-0100,"",1393854362379
activated,workbench,org.eclipse.ui.workbench,3.7.0.I20110519-0100,"",1393854401677
executed,command,org.eclipse.jdt.ui,3.7.1.r371_v20110824-0800,"org.eclipse.jdt.ui.edit.text.java.format",1393854439979
executed,command,org.eclipse.ui,3.7.0.I20110602-0100,"org.eclipse.ui.edit.copy",1393854445295
executed,command,org.eclipse.ui,3.7.0.I20110602-0100,"org.eclipse.ui.edit.paste",1393854447480
executed,command,,,"AUTOGEN:::org.eclipse.jdt.internal.ui.CompilationUnitEditor.ruler.actions/org.eclipse.jdt.internal.ui.javaeditor.JavaSelectRulerAction",1393854466583
deactivated,workbench,org.eclipse.ui.workbench,3.7.0.I20110519-0100,"",1393854468195
activated,workbench,org.eclipse.ui.workbench,3.7.0.I20110519-0100,"",1393854468349
executed,command,org.eclipse.ui,3.7.0.I20110602-0100,"org.eclipse.ui.file.saveAll",1393854470183
deactivated,workbench,org.eclipse.ui.workbench,3.7.0.I20110519-0100,"",1393854476302
activated,workbench,org.eclipse.ui.workbench,3.7.0.I20110519-0100,"",1393854485728
executed,command,org.eclipse.ui,3.7.0.I20110602-0100,"org.eclipse.ui.file.save",1393854494846
deactivated,workbench,org.eclipse.ui.workbench,3.7.0.I20110519-0100,"",1393854583362
activated,workbench,org.eclipse.ui.workbench,3.7.0.I20110519-0100,"",1393854584507
deactivated,workbench,org.eclipse.ui.workbench,3.7.0.I20110519-0100,"",1393855072782
activated,workbench,org.eclipse.ui.workbench,3.7.0.I20110519-0100,"",1393855105208
deactivated,workbench,org.eclipse.ui.workbench,3.7.0.I20110519-0100,"",1393855110345
activated,workbench,org.eclipse.ui.workbench,3.7.0.I20110519-0100,"",1393855177554
deactivated,workbench,org.eclipse.ui.workbench,3.7.0.I20110519-0100,"",1393855180144
activated,workbench,org.eclipse.ui.workbench,3.7.0.I20110519-0100,"",1393855190293
deactivated,workbench,org.eclipse.ui.workbench,3.7.0.I20110519-0100,"",1393855216662
activated,workbench,org.eclipse.ui.workbench,3.7.0.I20110519-0100,"",1393855588613
deactivated,workbench,org.eclipse.ui.workbench,3.7.0.I20110519-0100,"",1393855613675
activated,workbench,org.eclipse.ui.workbench,3.7.0.I20110519-0100,"",1393855648854
executed,command,org.eclipse.ui,3.7.0.I20110602-0100,"org.eclipse.ui.edit.paste",1393855658459
deactivated,workbench,org.eclipse.ui.workbench,3.7.0.I20110519-0100,"",1393855667731
activated,workbench,org.eclipse.ui.workbench,3.7.0.I20110519-0100,"",1393855684398
activated,view,org.eclipse.ui.navigator.resources,3.4.300.I20110421-1800,"org.eclipse.ui.navigator.ProjectExplorer",1393855699105
activated,editor,org.eclipse.jdt.ui,3.7.1.r371_v20110824-0800,"org.eclipse.jdt.ui.CompilationUnitEditor",1393855699288
started,bundle,org.jboss.tools.cdi.ui,1.2.0.v20110915-1759-H18-M3,"org.jboss.tools.cdi.ui",1393855706440
executed,command,org.eclipse.ui,3.7.0.I20110602-0100,"org.eclipse.ui.edit.copy",1393855706499
activated,editor,org.eclipse.jdt.ui,3.7.1.r371_v20110824-0800,"org.eclipse.jdt.ui.CompilationUnitEditor",1393855708809
executed,command,,,"AUTOGEN:::org.eclipse.jdt.internal.ui.CompilationUnitEditor.ruler.actions/org.eclipse.jdt.internal.ui.javaeditor.JavaSelectRulerAction",1393855886129
executed,command,,,"AUTOGEN:::org.eclipse.jdt.internal.ui.CompilationUnitEditor.ruler.actions/org.eclipse.jdt.internal.ui.javaeditor.JavaSelectRulerAction",1393855898302
deactivated,workbench,org.eclipse.ui.workbench,3.7.0.I20110519-0100,"",1393855901318
activated,workbench,org.eclipse.ui.workbench,3.7.0.I20110519-0100,"",1393855907050
executed,command,org.eclipse.ui,3.7.0.I20110602-0100,"org.eclipse.ui.edit.paste",1393855915707
executed,command,org.eclipse.ui,3.7.0.I20110602-0100,"org.eclipse.ui.file.saveAll",1393855917161
executed,command,,,"AUTOGEN:::org.eclipse.jdt.internal.ui.CompilationUnitEditor.ruler.actions/org.eclipse.jdt.internal.ui.javaeditor.JavaSelectRulerAction",1393855921597
executed,command,,,"AUTOGEN:::org.eclipse.jdt.internal.ui.CompilationUnitEditor.ruler.actions/org.eclipse.jdt.internal.ui.javaeditor.JavaSelectRulerAction",1393855927450
executed,command,,,"AUTOGEN:::org.eclipse.jdt.internal.ui.CompilationUnitEditor.ruler.actions/org.eclipse.jdt.internal.ui.javaeditor.JavaSelectRulerAction",1393855943995
deactivated,workbench,org.eclipse.ui.workbench,3.7.0.I20110519-0100,"",1393855955023
activated,workbench,org.eclipse.ui.workbench,3.7.0.I20110519-0100,"",1393855959474
executed,command,,,"AUTOGEN:::org.eclipse.jdt.internal.ui.CompilationUnitEditor.ruler.actions/org.eclipse.jdt.internal.ui.javaeditor.JavaSelectRulerAction",1393855969516
executed,command,,,"AUTOGEN:::org.eclipse.jdt.internal.ui.CompilationUnitEditor.ruler.actions/org.eclipse.jdt.internal.ui.javaeditor.JavaSelectRulerAction",1393855972573
executed,command,org.eclipse.jdt.ui,3.7.1.r371_v20110824-0800,"org.eclipse.jdt.ui.edit.text.java.format",1393855986444
executed,command,org.eclipse.ui,3.7.0.I20110602-0100,"org.eclipse.ui.file.save",1393855989650
executed,command,,,"AUTOGEN:::org.eclipse.jdt.internal.ui.CompilationUnitEditor.ruler.actions/org.eclipse.jdt.internal.ui.javaeditor.JavaSelectRulerAction",1393855992610
deactivated,workbench,org.eclipse.ui.workbench,3.7.0.I20110519-0100,"",1393855993320
activated,workbench,org.eclipse.ui.workbench,3.7.0.I20110519-0100,"",1393855993478
executed,command,org.eclipse.ui,3.7.0.I20110602-0100,"org.eclipse.ui.file.saveAll",1393855995319
activated,editor,org.eclipse.jdt.ui,3.7.1.r371_v20110824-0800,"org.eclipse.jdt.ui.CompilationUnitEditor",1393855996603
activated,editor,org.eclipse.jdt.ui,3.7.1.r371_v20110824-0800,"org.eclipse.jdt.ui.CompilationUnitEditor",1393855997747
activated,editor,org.eclipse.jdt.ui,3.7.1.r371_v20110824-0800,"org.eclipse.jdt.ui.CompilationUnitEditor",1393855999157
activated,editor,org.eclipse.jdt.ui,3.7.1.r371_v20110824-0800,"org.eclipse.jdt.ui.CompilationUnitEditor",1393856007593
activated,editor,org.eclipse.jdt.ui,3.7.1.r371_v20110824-0800,"org.eclipse.jdt.ui.CompilationUnitEditor",1393856009054
activated,editor,org.eclipse.jdt.ui,3.7.1.r371_v20110824-0800,"org.eclipse.jdt.ui.CompilationUnitEditor",1393856010702
deactivated,workbench,org.eclipse.ui.workbench,3.7.0.I20110519-0100,"",1393856175610
activated,workbench,org.eclipse.ui.workbench,3.7.0.I20110519-0100,"",1393856186561
deactivated,workbench,org.eclipse.ui.workbench,3.7.0.I20110519-0100,"",1393856187559
activated,workbench,org.eclipse.ui.workbench,3.7.0.I20110519-0100,"",1393856188686
activated,editor,org.eclipse.jdt.ui,3.7.1.r371_v20110824-0800,"org.eclipse.jdt.ui.CompilationUnitEditor",1393856189387
activated,editor,org.eclipse.jdt.ui,3.7.1.r371_v20110824-0800,"org.eclipse.jdt.ui.CompilationUnitEditor",1393856190181
activated,view,org.eclipse.ui.navigator.resources,3.4.300.I20110421-1800,"org.eclipse.ui.navigator.ProjectExplorer",1393856210923
activated,editor,org.eclipse.jdt.ui,3.7.1.r371_v20110824-0800,"org.eclipse.jdt.ui.CompilationUnitEditor",1393856212260
activated,editor,org.eclipse.jdt.ui,3.7.1.r371_v20110824-0800,"org.eclipse.jdt.ui.CompilationUnitEditor",1393856291265
closed,editor,org.eclipse.jdt.ui,3.7.1.r371_v20110824-0800,"org.eclipse.jdt.ui.CompilationUnitEditor",1393856291265
activated,editor,org.eclipse.jdt.ui,3.7.1.r371_v20110824-0800,"org.eclipse.jdt.ui.CompilationUnitEditor",1393856292338
executed,command,org.eclipse.ui,3.7.0.I20110602-0100,"org.eclipse.ui.edit.copy",1393856311179
